risques_encourus_par_le_consommateur,Nombre_de_risques_encourus,Nombre_de_preconisations_distinctes
,8042,40
0251741499,1,1
0321433304,1,1
0359305930,1,1
0610100493,1,1
06200DC0-BF00-48D1-A4ED-B632FE6ED5B6,1,1
0800084000,1,1
0891A9C9-D201-40F8-A4BC-0B2D2294AA25,1,1
10F0EF28-89CE-4740-A534-91FE86373E91,1,1
151598C4-1D72-4693-BC13-FE02AD2F5EE0,1,1
1C8AC596-81F9-4D6E-AB91-05C02949510D,1,1
2021-03-26,1,0
2021-03-31,5,0
2021-04-07,2,0
2021-04-09,1,0
2021-04-12,1,0
2021-04-14,1,0
2021-04-15,3,0
2021-04-16,2,0
2021-04-22,1,0
2021-04-27,1,0
2021-04-29,1,0
2021-04-30,8,0
2021-05-03,2,0
2021-05-04,1,0
2021-05-12,1,0
2021-05-17,7,0
2021-05-21,2,0
2021-05-28,1,0
2021-05-31,1,0
2021-06-04,2,0
2021-06-07,1,0
2021-06-09,1,0
2021-06-10,3,0
2021-06-11,2,0
2021-06-14,19,0
2021-06-15,1,0
2021-06-16,2,0
2021-06-17,3,0
2021-06-21,2,0
2021-06-22,2,0
2021-06-24,1,0
2021-06-25,1,0
2021-06-28,2,0
2021-06-30,1,0
2021-07-01,1,0
2021-07-02,1,0
2021-07-05,3,0
2021-07-06,2,0
2021-07-09,4,0
2021-07-12,1,0
2021-07-13,1,0
2021-07-14,1,0
2021-07-16,2,0
2021-07-19,2,0
2021-07-22,1,0
2021-07-23,2,0
2021-07-26,13,0
2021-07-28,17,0
2021-07-29,9,0
2021-07-30,4,0
2021-08-02,1,0
2021-08-04,2,0
2021-08-05,3,0
2021-08-06,2,0
2021-08-09,10,0
2021-08-10,3,0
2021-08-11,1,0
2021-08-12,2,0
2021-08-13,2,0
2021-08-16,2,0
2021-08-18,1,0
2021-08-20,2,0
2021-08-23,1,0
2021-08-30,2,0
2021-08-31,1,0
2021-09-02,3,0
2021-09-03,1,0
2021-09-08,1,0
2021-09-09,1,0
2021-09-10,4,0
2021-09-14,1,0
2021-09-20,1,0
2021-09-21,1,0
2021-09-22,2,0
2021-09-23,9,0
2021-09-24,1,0
2021-09-28,1,0
2021-09-29,1,0
2021-10-01,1,0
2021-10-04,1,0
2021-10-05,2,0
2021-10-07,1,0
2021-10-11,2,0
2021-10-13,2,0
2021-10-14,1,0
2021-10-15,3,0
2021-10-18,1,0
2021-10-20,10,0
2021-10-21,1,0
2021-10-22,3,0
2021-10-26,3,0
2021-10-27,1,0
2021-10-29,1,0
2021-11-05,1,0
2021-11-09,1,0
2021-11-10,2,0
2021-11-12,1,0
2021-11-15,5,0
2021-11-16,2,0
2021-11-17,1,0
2021-11-18,1,0
2021-11-23,1,0
2021-11-24,1,0
2021-12-02,1,0
2021-12-03,6,0
2021-12-07,2,0
2021-12-08,2,0
2021-12-09,3,0
2021-12-10,2,0
2021-12-17,1,0
2021-12-21,2,0
2021-12-24,4,0
2022-01-04,1,0
2022-01-12,1,0
2022-01-13,1,0
2022-01-14,1,0
2022-01-19,9,0
2022-01-20,40,0
2022-01-21,3,0
2022-01-24,1,0
2022-01-25,1,0
2022-01-26,1,0
2022-01-27,1,0
2022-01-31,1,0
2022-02-01,1,0
2022-02-02,1,0
2022-02-03,9,0
2022-02-04,1,0
2022-02-08,2,0
2022-02-09,1,0
2022-02-10,1,0
2022-02-14,1,0
2022-02-15,4,0
2022-02-21,1,0
2022-02-25,1,0
2022-02-28,4,0
2022-03-01,4,0
2022-03-07,1,0
2022-03-11,1,0
2022-03-14,5,0
2022-03-15,1,0
2022-03-18,1,0
2022-03-22,1,0
2022-03-24,2,0
2022-03-28,1,0
2022-03-31,1,0
2022-04-01,3,0
2022-04-07,1,0
2022-04-12,1,0
2022-04-13,1,0
2022-04-20,3,0
2022-04-22,21,0
2022-04-25,1,0
2022-04-26,1,0
2022-04-28,1,0
2022-04-29,3,0
2022-05-02,2,0
2022-05-05,5,0
2022-05-06,1,0
2022-05-09,1,0
2022-05-10,1,0
2022-05-11,1,0
2022-05-12,1,0
2022-05-16,1,0
2022-05-17,1,0
2022-05-20,4,0
2022-05-23,1,0
2022-05-25,1,0
2022-06-07,2,0
2022-06-09,1,0
2022-06-10,1,0
2022-06-13,2,0
2022-06-14,1,0
2022-06-17,1,0
2022-06-20,1,0
2022-06-24,1,0
2022-06-29,1,0
2022-06-30,2,0
2022-07-04,1,0
2022-07-06,1,0
2022-07-07,1,0
2022-07-08,2,0
2022-07-11,2,0
2022-07-12,1,0
2022-07-13,3,0
2022-07-19,1,0
2022-07-20,1,0
2022-07-21,1,0
2022-07-26,1,0
2022-07-29,2,0
2022-08-01,2,0
2022-08-02,1,0
2022-08-03,1,0
2022-08-04,7,0
2022-08-05,1,0
2022-08-08,1,0
2022-08-10,2,0
2022-08-12,4,0
2022-08-17,1,0
2022-08-19,6,0
2022-08-22,4,0
2022-08-23,5,0
2022-08-24,1,0
2022-09-01,1,0
2022-09-02,1,0
2022-09-05,1,0
2022-09-07,2,0
2022-09-08,1,0
2022-09-09,1,0
2022-09-13,2,0
2022-09-16,1,0
2022-09-19,2,0
2022-09-20,1,0
2022-09-21,1,0
2022-09-23,3,0
2022-09-26,1,0
2022-09-27,2,0
2022-09-29,1,0
2022-10-10,1,0
2022-10-11,2,0
2022-10-12,1,0
2022-10-13,1,0
2022-10-14,1,0
2022-10-17,1,0
2022-10-19,1,0
2022-10-20,1,0
2022-10-24,1,0
2022-10-25,3,0
2022-10-26,2,0
2022-11-04,3,0
2022-11-05,1,0
2022-11-08,2,0
2022-11-09,1,0
2022-11-16,1,0
2022-11-21,1,0
2022-11-22,1,0
2022-11-23,1,0
2022-11-24,1,0
2022-11-28,3,0
2022-11-29,1,0
2022-11-30,1,0
2022-12-01,2,0
2022-12-09,1,0
2022-12-13,1,0
2022-12-14,1,0
2022-12-16,2,0
2022-12-21,2,0
2022-12-26,1,0
2022-12-29,1,0
2022-12-30,6,0
2023-01-01,1,0
2023-01-02,1,0
2023-01-03,1,0
2023-01-04,1,0
2023-01-06,1,0
2023-01-13,1,0
2023-01-14,1,0
2023-01-16,1,0
2023-01-23,1,0
2023-01-24,2,0
2023-01-25,1,0
2023-01-27,2,0
2023-02-01,1,0
2023-02-02,2,0
2023-02-04,2,0
2023-02-07,2,0
2023-02-10,1,0
2023-02-13,1,0
2023-02-15,2,0
2023-02-16,1,0
2023-02-17,1,0
2023-02-22,1,0
2023-02-23,3,0
2023-02-24,1,0
2023-02-28,4,0
2023-03-02,6,0
2023-03-03,1,0
2023-03-13,1,0
2023-03-14,1,0
2023-03-16,1,0
2023-03-17,1,0
2023-03-20,1,0
2023-03-24,4,0
2023-03-29,1,0
2023-03-31,1,0
2023-04-04,5,0
2023-04-06,1,0
2023-04-07,1,0
2023-04-11,2,0
2023-04-13,2,0
2023-04-18,3,0
2023-04-21,1,0
2023-04-28,2,0
2023-05-02,1,0
2023-05-09,3,0
2023-05-10,2,0
2023-05-11,1,0
2023-05-12,13,0
2023-05-13,2,0
2023-05-15,1,0
2023-05-18,2,0
2023-05-19,1,0
2023-05-22,1,0
2023-05-26,1,0
2023-05-27,1,0
2023-06-01,3,0
2023-06-05,1,0
2023-06-06,2,0
2023-06-07,1,0
2023-06-08,3,0
2023-06-09,3,0
2023-06-12,1,0
2023-06-14,1,0
2023-06-16,6,0
2023-06-20,6,0
2023-06-21,1,0
2023-06-23,4,0
2023-06-26,2,0
2023-06-27,1,0
2023-06-29,2,0
2023-06-30,3,0
2023-07-03,3,0
2023-07-04,1,0
2023-07-05,1,0
2023-07-10,1,0
2023-07-11,3,0
2023-07-13,4,0
2023-07-18,2,0
2023-07-19,1,0
2023-07-20,2,0
2023-07-21,6,0
2023-07-28,3,0
2023-07-31,1,0
2023-08-01,1,0
2023-08-04,1,0
2023-08-11,2,0
2023-08-23,1,0
2023-08-24,1,0
2023-08-26,2,0
2023-08-28,1,0
2023-08-30,1,0
2023-09-01,1,0
2023-09-04,1,0
2023-09-11,1,0
2023-09-12,4,0
2023-09-14,1,0
2023-09-15,8,0
2023-09-20,1,0
2023-09-22,1,0
2023-09-26,1,0
2023-09-28,1,0
2023-10-04,13,0
2023-10-05,1,0
2023-10-06,1,0
2023-10-09,1,0
2023-10-10,6,0
2023-10-11,1,0
2023-10-12,1,0
2023-10-18,1,0
2023-10-23,1,0
2023-10-24,1,0
2023-10-30,1,0
2023-10-31,4,0
2023-11-02,1,0
2023-11-03,3,0
2023-11-06,1,0
2023-11-08,1,0
2023-11-10,3,0
2023-11-13,13,0
2023-11-14,2,0
2023-11-16,2,0
2023-11-17,8,0
2023-11-22,1,0
2023-11-23,1,0
2023-11-24,1,0
2023-11-27,1,0
2023-11-28,1,0
2023-11-30,1,0
2023-12-04,1,0
2023-12-07,1,0
2023-12-08,4,0
2023-12-13,4,0
2023-12-18,3,0
2023-12-19,1,0
2023-12-20,1,0
2023-12-21,2,0
2023-12-22,2,0
2023-12-27,2,0
2023-12-28,1,0
2023-12-29,6,0
2024-01-05,1,0
2024-01-10,2,0
2024-01-12,7,0
2024-02-06,1,0
2024-02-08,2,0
2024-02-12,1,0
2024-02-13,1,0
2024-02-14,15,0
2024-02-16,2,0
2024-02-19,1,0
2024-02-21,3,0
2024-02-22,6,0
2024-02-23,1,0
2024-02-27,2,0
2024-02-28,2,0
2024-02-29,1,0
2024-03-01,2,0
2024-03-08,2,0
2024-03-15,4,0
2024-03-19,1,0
2024-03-20,2,0
2024-03-22,1,0
2024-03-25,12,0
2024-03-26,4,0
2024-03-28,1,0
2024-03-29,1,0
207C8B55-06B4-4730-9B45-E388D772B019,1,1
210AE33D-78A0-4BCA-9885-F6680E3A8BB9,1,1
28134AFB-A7EA-464A-825D-A801EB0A02C7,1,1
2BD194BA-EC24-434F-9D01-4A539F3E7287,1,1
2D6DD8D5-7F6A-4929-B8DA-B6F28A2D69BA,1,1
33AC8DD9-ADDE-421B-AA03-BE143C6CE1E5,1,1
393B722F-BFE3-4065-8EA6-AA006676483C,1,1
3BCD0F35-36A2-4AE8-A70C-25E5FF7C8DC5,1,1
41C2A828-94F8-47B7-AAC5-A7CE0224B183,1,1
435B864A-F485-4885-B94F-A8C76EAD8813,1,1
44443C50-9311-4A88-A61E-755E5C777581,1,1
49EFAAB0-F662-472A-BAE3-DF296C8DE0D9,1,1
5995625F-D304-4190-9063-9F94F9D68AD3,1,1
59CA5714-A822-4E66-A6D0-D411F6EA9387,1,1
5CA2731E-B086-4E77-B214-356EA9D77BFB,1,1
66FDD68E-C062-4EC6-ACA0-322D3D857183,1,1
67553DD8-C625-4EE8-A301-B1C83C2F2B5E,1,1
77F37BE1-0974-4726-AB2D-1C9367E7FBDD,1,1
8206B959-D6A9-4BA1-8042-4776C12DBEFB,1,1
8C2DCBCB-9679-4361-BAED-9BCA02FC40DE,1,1
8F1162A2-2479-48A3-857A-35CE0BB1B27A,1,1
8FD68F2A-4892-46D3-9A7A-44865F692BDB,1,1
8ca7e5fe6db9de510a353cc974563790acbd603e,1,1
9258BE5F-1CB3-4901-829C-5C26DFB73D36,1,1
9379BA98-C865-442C-8CDC-27C3F57C61FD,1,1
A1511E3E-461E-4830-BA98-0B202D769D91,1,1
A727E9DB-B69F-427A-BE41-309819985844,1,1
AAC4D8EF-BF5B-4D6D-99F3-EE313734D6A6,1,1
AE235237-348A-484B-89F4-2ABC8E74D196,1,1
Additifs et arômes dépassement des seuils de sécurité,61,0
Additifs et arômes dépassement des seuils de sécurité Dépassement des limites autorisées de pesticides,2,0
Additifs et arômes dépassement des seuils de sécurité Produits phytosanitaires non autorisés,1,0
Additifs et arômes dépassement des seuils de sécurité Présence de substance interdite,1,0
Additifs et arômes dépassement des seuils de sécurité Substances allergisantes non déclarées,3,0
Additifs et arômes non autorisés,38,0
Additifs et arômes non autorisés Additifs et arômes dépassement des seuils de sécurité,15,0
Additifs et arômes non autorisés Autre risque,1,0
Additifs et arômes non autorisés Autres contaminants chimiques,1,0
Aflatoxines,15,0
Aflatoxines Autres contaminants chimiques,1,0
Anomalie d'étiquetage,171,0
Anomalie d'étiquetage Autre risque,11,0
Anomalie d'étiquetage Autre risque Risque environnemental,1,0
Arrêt respiratoire,168,0
Arrêt respiratoire Blessures externes,2,0
Arrêt respiratoire Dommages internes,18,0
Arrêt respiratoire Dommages internes Intoxication,1,0
Arrêt respiratoire Incendie,1,0
Arrêt respiratoire Intoxication,6,0
Autre (voir informations complémentaires),4,3
Autre risque,138,0
Autre risque Dommages internes,1,0
Autres contaminants biologiques,82,0
Autres contaminants biologiques Anomalie d'étiquetage,1,0
Autres contaminants biologiques Autre risque,1,0
"Autres contaminants biologiques Défaut de fabrication, défaut d'étanchéité (ex: micro fuites, thermoscellage défectueux) ou anomalies de conditionnement",9,1
Autres contaminants biologiques Dépassement des limites autorisées de pesticides,1,0
Autres contaminants biologiques Modifications organoleptiques,4,0
"Autres contaminants biologiques Toxines endogènes : histamine (poissons, fromages, boissons alcoolisées, charcuteries)",3,1
Autres contaminants chimiques,1478,0
Autres contaminants chimiques Anomalie d'étiquetage,1,0
"Autres contaminants chimiques Défaut de fabrication, défaut d'étanchéité (ex: micro fuites, thermoscellage défectueux) ou anomalies de conditionnement",1,1
Autres contaminants chimiques Dépassement de seuils de sécurité Intoxication,1,0
Autres contaminants chimiques Dépassement des limites autorisées de pesticides,17,0
"Autres contaminants chimiques Inertes (verre, métal, plastique, papier, textile…)",1,1
Autres contaminants chimiques Intoxication,7,0
Autres contaminants chimiques Modifications organoleptiques,4,0
Autres contaminants chimiques Produits phytosanitaires non autorisés,2,0
Autres contaminants chimiques Salmonella spp (agent responsable de la salmonellose),1,1
B2369960-E96F-4219-87F3-41C5F69C8C1B,1,1
B7E60BAA-DDE8-4DED-AB4E-444775633177,1,1
Bacillus cereus,30,1
Bacillus cereus Modifications organoleptiques,1,1
Bacillus cereus Salmonella spp (agent responsable de la salmonellose),2,1
Biotoxines marines ASP (toxines amnésiantes),1,1
Biotoxines marines DSP (toxines diarrhéiques),6,1
Blessures,878,0
Blessures Brûlures,9,0
Blessures Brûlures Incendie,1,0
Blessures Environnement,4,0
Blessures Incendie,58,0
Blessures Incendie Environnement,2,0
Blessures externes,260,0
Blessures externes Choc électrique,1,0
Blessures externes Choc électrique Dommages internes Incendie,1,0
Blessures externes Choc électrique Incendie,2,0
Blessures externes Dommages internes,18,0
Blessures externes Dommages internes Intoxication,2,0
Blessures externes Incendie,17,0
Blessures externes Intoxication,5,0
Blessures externes Risque environnemental,2,0
Brucella spp  (agent responsable de la brucellose),8,1
Brûlures Incendie,6,0
C7C3323D-2227-44F8-803E-5598F1FE7E51,1,1
Choc électrique,58,0
Choc électrique Incendie,9,0
Choc électrique Incendie Risque environnemental,1,0
Clostridium botulinum (agent responsable du botulisme),15,1
Clostridium botulinum (agent responsable du botulisme) Clostridium perfringens,1,1
Contacter votre revendeur,1,1
D5707FE0-7D7C-48B0-B38D-8899968410AE,1,1
DAFFA31C-B8B1-4426-9378-ACDD97391B86,1,1
Datura (alcaloïdes tropaniques),19,0
Datura (alcaloïdes tropaniques) Autre risque,1,0
Dommages internes,97,0
Dommages internes Intoxication,6,0
Dommages internes Risque environnemental,2,0
"Défaut de fabrication, défaut d'étanchéité (ex: micro fuites, thermoscellage défectueux) ou anomalies de conditionnement",55,1
"Défaut de fabrication, défaut d'étanchéité (ex: micro fuites, thermoscellage défectueux) ou anomalies de conditionnement Modifications organoleptiques",4,1
Dépassement de seuils de sécurité,44,0
Dépassement de seuils de sécurité Dommages internes,1,0
Dépassement de seuils de sécurité Intoxication,1,0
Dépassement des limites autorisées de pesticides,1085,0
Dépassement des limites autorisées de pesticides Autre risque,3,0
Dépassement des limites autorisées de pesticides Intoxication,1,0
E0C5284C-21A7-4488-AD46-B721906C1DE0,1,1
E17CB510-DA5C-4FB3-8098-0620870469EC,1,1
E684707C-06DF-4DC7-97E2-0BA95E0A8229,1,1
E7EB7B11-0D5A-474A-908F-2A11E58792AA,1,1
EA007F32-3BDE-4E7C-AD2B-C27B09C2BDB3,1,1
EFB3DC6B-EBB5-4788-BF25-829E3B12B66C,1,1
Echange Autre (voir informations complémentaires),1,1
"Eléments traces métalliques (métaux lourds : plomb, mercure, cadmium...)",20,0
"Eléments traces métalliques (métaux lourds : plomb, mercure, cadmium...) Autres contaminants chimiques",2,0
"Eléments traces métalliques (métaux lourds : plomb, mercure, cadmium...) Intoxication",1,0
Environnement,46,0
Escherichia coli,38,1
Escherichia coli Listeria monocytogenes (agent responsable de la listériose),3,1
Escherichia coli Salmonella spp (agent responsable de la salmonellose),1,1
Escherichia coli shiga toxinogène (STEC),105,1
Escherichia coli shiga toxinogène (STEC) Listeria monocytogenes (agent responsable de la listériose),1,1
Escherichia coli shiga toxinogène (STEC) Salmonella spp (agent responsable de la salmonellose),1,1
F9435702-A518-44EB-A869-1591A90D7E35,1,1
FD58F575-F867-4233-810D-53849F119276,1,1
FED45D99-72BE-4290-9751-C21E9853F5E5,1,1
Hydrocarbures aromatiques Polycycliques,10,0
Hydrocarbures aromatiques Polycycliques Produits phytosanitaires non autorisés,1,0
Incendie,183,0
Incendie Choc électrique,1,0
Incendie Environnement,5,0
Incendie Intoxication,3,0
Incendie Intoxication Risque environnemental,1,0
Incendie Risque environnemental,1,0
"Inertes (verre, métal, plastique, papier, textile…)",320,1
"Inertes (verre, métal, plastique, papier, textile…) Blessures externes",2,1
"Inertes (verre, métal, plastique, papier, textile…) Non inertes (insectes larves etc)",1,1
Intoxication,179,0
Intoxication Risque environnemental,1,0
Listeria monocytogenes (agent responsable de la listériose),1186,1
Listeria monocytogenes (agent responsable de la listériose) Autre risque,6,1
Listeria monocytogenes (agent responsable de la listériose) Autre risque Intoxication,1,1
Listeria monocytogenes (agent responsable de la listériose) Autres contaminants biologiques,1,1
Listeria monocytogenes (agent responsable de la listériose) Salmonella spp (agent responsable de la salmonellose),4,1
Listeria monocytogenes (agent responsable de la listériose) Staphylococcus aureus (agent responsable d'intoxination staphylococcique),1,1
Modifications organoleptiques,29,0
Modifications organoleptiques Autre risque,3,0
Ne plus consommer Contacter le service consommateur Détruire le produit,1,0
Ne plus consommer Ne plus utiliser le produit Rapporter le produit au point de vente Contacter le point de vente,1,1
Ne plus consommer Ne plus utiliser le produit Rapporter le produit au point de vente Contacter le point de vente Détruire le produit,1,1
Ne plus consommer Ne plus utiliser le produit Rapporter le produit au point de vente Contacter le service consommateur Détruire le produit,1,1
Ne plus consommer Rapporter le produit au point de vente,1,1
Ne plus utiliser le produit,1,1
Ne plus utiliser le produit Rapporter le produit au point de vente,1,1
Ne plus utiliser le produit Rapporter le produit au point de vente Contacter le service consommateur,1,1
Non inertes (insectes larves etc),12,1
Norovirus,34,1
"Par mesure de précaution, nous prions les clients ayant acheté ces produits et qui les détiendraient encore, de ne pas les consommer et de bien vouloir les rapporter à l'Accueil de notre magasin. N° à appeler: 05 57 48 68 68",1,1
"Parasites des poissons / céphalopodes marins (ex : Anisakis, Pseudoterranova)",2,1
Patuline,10,0
Produits phytosanitaires non autorisés,137,0
Produits phytosanitaires non autorisés Autre risque,3,0
Produits phytosanitaires non autorisés Dépassement des limites autorisées de pesticides,56,0
Présence OGM,4,0
Présence de substance interdite,170,0
Présence de substance interdite Autre risque,1,0
Présence de substance interdite Autres contaminants chimiques,1,0
Présence de substance interdite Dépassement des limites autorisées de pesticides,7,0
Présence de substance interdite Produits phytosanitaires non autorisés,2,0
Présence de substance interdite Substances interdites (au sens du Règlement UE 37/2010),1,0
Pseudomonas,4,1
Remboursement,21,19
Remboursement Echange,4,4
"Risque de développement microbiologiques, risque d'intoxication alimentaire",1,1
Risque environnemental,13,0
Réparation,4,2
Résidus de médicaments vétérinaires,2,0
Résidus de médicaments vétérinaires Substances interdites (au sens du Règlement UE 37/2010),3,0
Salmonella spp (agent responsable de la salmonellose),457,1
Salmonella spp (agent responsable de la salmonellose) Autre risque,4,1
Salmonella spp (agent responsable de la salmonellose) Intoxication,2,1
Staphylococcus aureus (agent responsable d'intoxination staphylococcique),8,1
Substances allergisantes non déclarées,250,0
Substances allergisantes non déclarées Anomalie d'étiquetage,10,0
"Substances allergisantes non déclarées Inertes (verre, métal, plastique, papier, textile…)",1,1
"Substances allergisantes non déclarées Toxines endogènes : histamine (poissons, fromages, boissons alcoolisées, charcuteries)",1,1
Substances interdites (au sens du Règlement UE 37/2010),21,0
Substances interdites (au sens du Règlement UE 37/2010) Dépassement des limites autorisées de pesticides,3,0
"Toxines endogènes : histamine (poissons, fromages, boissons alcoolisées, charcuteries)",51,1
Utilisation dans les préparations d’une crème de Normandie UHT 18% SP cuisson 1L du fabricant MLC (FR 50.579.001 CE) qui fait l’objet d’un rappel suite à sa teneur en oxyde d’éthylène.,1,1
Vibrio parahaemolyticus,1,1
Vibrio vulnificus,10,1
dimanche 1 octobre 2023,2,1
dimanche 10 octobre 2021,1,0
dimanche 11 décembre 2022,1,0
dimanche 12 novembre 2023,1,1
dimanche 12 septembre 2021,2,0
dimanche 13 juin 2021,1,0
dimanche 14 novembre 2021,1,0
dimanche 15 janvier 2023,2,0
dimanche 15 mai 2022,1,0
dimanche 16 janvier 2022,3,1
dimanche 16 juillet 2023,1,0
dimanche 17 avril 2022,1,0
dimanche 17 octobre 2021,2,2
dimanche 18 décembre 2022,3,0
dimanche 19 février 2023,1,0
dimanche 2 juillet 2023,1,0
dimanche 20 février 2022,1,0
dimanche 21 août 2022,1,0
dimanche 24 mars 2024,1,0
dimanche 24 septembre 2023,1,1
dimanche 25 décembre 2022,1,0
dimanche 28 avril 2024,1,0
dimanche 28 mai 2023,1,1
dimanche 28 novembre 2021,2,0
dimanche 29 août 2021,1,0
dimanche 3 décembre 2023,1,0
dimanche 30 avril 2023,3,0
dimanche 30 janvier 2022,1,1
dimanche 30 juillet 2023,1,0
dimanche 30 juin 2024,1,1
dimanche 30 mai 2021,1,0
dimanche 31 décembre 2023,4,1
dimanche 31 mars 2024,4,0
dimanche 31 octobre 2021,5,1
dimanche 5 décembre 2021,1,1
dimanche 7 avril 2024,1,0
dimanche 8 août 2021,1,1
dimanche 8 janvier 2023,3,1
dimanche 9 octobre 2022,1,0
https://rappel.conso.gouv.fr/affichettePDF/11248/Interne,1,1
https://rappel.conso.gouv.fr/affichettePDF/11408/Interne,1,1
https://rappel.conso.gouv.fr/affichettePDF/12332/Interne,1,1
https://rappel.conso.gouv.fr/affichettePDF/13120/Interne,1,1
https://rappel.conso.gouv.fr/affichettePDF/13217/Interne,1,1
https://rappel.conso.gouv.fr/affichettePDF/13218/Interne,1,1
https://rappel.conso.gouv.fr/affichettePDF/5273/Interne,1,1
https://rappel.conso.gouv.fr/affichettePDF/5458/Interne,1,1
https://rappel.conso.gouv.fr/affichettePDF/7405/Interne,1,1
https://rappel.conso.gouv.fr/affichettePDF/7827/Interne,1,1
https://rappel.conso.gouv.fr/affichettePDF/7849/Interne,1,1
https://rappel.conso.gouv.fr/affichettePDF/8464/Interne,1,1
https://rappel.conso.gouv.fr/affichettePDF/8583/Interne,1,1
https://rappel.conso.gouv.fr/affichettePDF/8751/Interne,1,1
https://rappel.conso.gouv.fr/affichettePDF/8873/Interne,1,1
https://rappel.conso.gouv.fr/affichettePDF/9470/Rapex,1,1
https://rappel.conso.gouv.fr/document/1874fb53-11c6-48cd-ba30-4658f3d8fb45/Interne/ListeDesDistributeurs,1,1
https://rappel.conso.gouv.fr/document/3798b745-a0dc-4cc1-9cfa-ac1cc3b1cb0f/Interne/ListeDesDistributeurs,1,1
https://rappel.conso.gouv.fr/fiche-rappel/10010/Interne,1,1
https://rappel.conso.gouv.fr/fiche-rappel/10011/Interne,1,1
https://rappel.conso.gouv.fr/fiche-rappel/10147/Rapex,1,1
https://rappel.conso.gouv.fr/fiche-rappel/10536/Rapex,1,1
https://rappel.conso.gouv.fr/fiche-rappel/10578/Rapex,1,1
https://rappel.conso.gouv.fr/fiche-rappel/10594/Rapex,1,1
https://rappel.conso.gouv.fr/fiche-rappel/10645/Rapex,1,1
https://rappel.conso.gouv.fr/fiche-rappel/11066/Rapex,1,1
https://rappel.conso.gouv.fr/fiche-rappel/1114/Interne,1,1
https://rappel.conso.gouv.fr/fiche-rappel/11232/Interne,1,1
https://rappel.conso.gouv.fr/fiche-rappel/11347/Interne,1,1
https://rappel.conso.gouv.fr/fiche-rappel/11411/Interne,1,1
https://rappel.conso.gouv.fr/fiche-rappel/11619/Interne,1,1
https://rappel.conso.gouv.fr/fiche-rappel/11805/Interne,1,1
https://rappel.conso.gouv.fr/fiche-rappel/11855/Interne,1,1
https://rappel.conso.gouv.fr/fiche-rappel/11885/Interne,1,1
https://rappel.conso.gouv.fr/fiche-rappel/11893/Interne,1,1
https://rappel.conso.gouv.fr/fiche-rappel/11907/Interne,1,1
https://rappel.conso.gouv.fr/fiche-rappel/11924/Interne,1,1
https://rappel.conso.gouv.fr/fiche-rappel/11940/Interne,1,1
https://rappel.conso.gouv.fr/fiche-rappel/11967/Interne,1,1
https://rappel.conso.gouv.fr/fiche-rappel/11998/Interne,1,1
https://rappel.conso.gouv.fr/fiche-rappel/12004/Interne,1,1
https://rappel.conso.gouv.fr/fiche-rappel/12023/Interne,1,1
https://rappel.conso.gouv.fr/fiche-rappel/1205/Interne,1,1
https://rappel.conso.gouv.fr/fiche-rappel/12495/Interne,1,1
https://rappel.conso.gouv.fr/fiche-rappel/12564/Interne,1,1
https://rappel.conso.gouv.fr/fiche-rappel/12595/Interne,1,1
https://rappel.conso.gouv.fr/fiche-rappel/12596/Interne,1,1
https://rappel.conso.gouv.fr/fiche-rappel/12599/Interne,1,1
https://rappel.conso.gouv.fr/fiche-rappel/12602/Interne,1,1
https://rappel.conso.gouv.fr/fiche-rappel/12914/Interne,1,1
https://rappel.conso.gouv.fr/fiche-rappel/12964/Interne,1,1
https://rappel.conso.gouv.fr/fiche-rappel/12971/Interne,1,1
https://rappel.conso.gouv.fr/fiche-rappel/13019/Interne,1,1
https://rappel.conso.gouv.fr/fiche-rappel/13041/Interne,1,1
https://rappel.conso.gouv.fr/fiche-rappel/13074/Interne,1,1
https://rappel.conso.gouv.fr/fiche-rappel/13084/Interne,1,1
https://rappel.conso.gouv.fr/fiche-rappel/13090/Interne,1,1
https://rappel.conso.gouv.fr/fiche-rappel/13119/Interne,1,1
https://rappel.conso.gouv.fr/fiche-rappel/13294/Interne,1,1
https://rappel.conso.gouv.fr/fiche-rappel/13297/Interne,1,1
https://rappel.conso.gouv.fr/fiche-rappel/13357/Interne,1,1
https://rappel.conso.gouv.fr/fiche-rappel/13358/Interne,1,1
https://rappel.conso.gouv.fr/fiche-rappel/13423/Interne,1,1
https://rappel.conso.gouv.fr/fiche-rappel/13448/Interne,1,1
https://rappel.conso.gouv.fr/fiche-rappel/13450/Interne,1,1
https://rappel.conso.gouv.fr/fiche-rappel/13868/Interne,1,1
https://rappel.conso.gouv.fr/fiche-rappel/13981/Interne,1,1
https://rappel.conso.gouv.fr/fiche-rappel/14034/Interne,1,1
https://rappel.conso.gouv.fr/fiche-rappel/14099/Interne,1,1
https://rappel.conso.gouv.fr/fiche-rappel/14196/Interne,1,1
https://rappel.conso.gouv.fr/fiche-rappel/216/Interne,1,1
https://rappel.conso.gouv.fr/fiche-rappel/2270/Interne,1,1
https://rappel.conso.gouv.fr/fiche-rappel/247/Interne,1,1
https://rappel.conso.gouv.fr/fiche-rappel/2510/Interne,1,1
https://rappel.conso.gouv.fr/fiche-rappel/2542/Interne,1,1
https://rappel.conso.gouv.fr/fiche-rappel/2609/Interne,1,1
https://rappel.conso.gouv.fr/fiche-rappel/2688/Interne,1,1
https://rappel.conso.gouv.fr/fiche-rappel/2830/Interne,1,1
https://rappel.conso.gouv.fr/fiche-rappel/300/Interne,1,1
https://rappel.conso.gouv.fr/fiche-rappel/301/Interne,1,1
https://rappel.conso.gouv.fr/fiche-rappel/3027/Interne,1,1
https://rappel.conso.gouv.fr/fiche-rappel/3051/Interne,1,1
https://rappel.conso.gouv.fr/fiche-rappel/3234/Interne,1,1
https://rappel.conso.gouv.fr/fiche-rappel/3335/Interne,1,1
https://rappel.conso.gouv.fr/fiche-rappel/3390/Rapex,1,1
https://rappel.conso.gouv.fr/fiche-rappel/3595/Interne,1,1
https://rappel.conso.gouv.fr/fiche-rappel/3704/Interne,1,1
https://rappel.conso.gouv.fr/fiche-rappel/3991/Interne,1,1
https://rappel.conso.gouv.fr/fiche-rappel/434/Interne,1,1
https://rappel.conso.gouv.fr/fiche-rappel/4400/Interne,1,1
https://rappel.conso.gouv.fr/fiche-rappel/448/Interne,1,1
https://rappel.conso.gouv.fr/fiche-rappel/449/Interne,1,1
https://rappel.conso.gouv.fr/fiche-rappel/4527/Interne,1,1
https://rappel.conso.gouv.fr/fiche-rappel/468/Interne,1,1
https://rappel.conso.gouv.fr/fiche-rappel/4722/Interne,1,1
https://rappel.conso.gouv.fr/fiche-rappel/4725/Interne,1,1
https://rappel.conso.gouv.fr/fiche-rappel/4819/Interne,1,1
https://rappel.conso.gouv.fr/fiche-rappel/4820/Interne,1,1
https://rappel.conso.gouv.fr/fiche-rappel/4867/Interne,1,1
https://rappel.conso.gouv.fr/fiche-rappel/4871/Interne,1,1
https://rappel.conso.gouv.fr/fiche-rappel/4874/Interne,1,1
https://rappel.conso.gouv.fr/fiche-rappel/4999/Interne,1,1
https://rappel.conso.gouv.fr/fiche-rappel/506/Interne,1,1
https://rappel.conso.gouv.fr/fiche-rappel/5183/Interne,1,1
https://rappel.conso.gouv.fr/fiche-rappel/5673/Interne,1,1
https://rappel.conso.gouv.fr/fiche-rappel/5955/Interne,1,1
https://rappel.conso.gouv.fr/fiche-rappel/5970/Interne,1,1
https://rappel.conso.gouv.fr/fiche-rappel/6776/Interne,1,1
https://rappel.conso.gouv.fr/fiche-rappel/6782/Interne,1,1
https://rappel.conso.gouv.fr/fiche-rappel/6830/Interne,1,1
https://rappel.conso.gouv.fr/fiche-rappel/6837/Interne,1,1
https://rappel.conso.gouv.fr/fiche-rappel/6838/Interne,1,1
https://rappel.conso.gouv.fr/fiche-rappel/6839/Interne,1,1
https://rappel.conso.gouv.fr/fiche-rappel/6841/Interne,1,1
https://rappel.conso.gouv.fr/fiche-rappel/6853/Interne,1,1
https://rappel.conso.gouv.fr/fiche-rappel/6854/Interne,1,1
https://rappel.conso.gouv.fr/fiche-rappel/6855/Interne,1,1
https://rappel.conso.gouv.fr/fiche-rappel/6856/Interne,1,1
https://rappel.conso.gouv.fr/fiche-rappel/6928/Interne,1,1
https://rappel.conso.gouv.fr/fiche-rappel/6993/Interne,1,1
https://rappel.conso.gouv.fr/fiche-rappel/7018/Interne,1,1
https://rappel.conso.gouv.fr/fiche-rappel/7075/Interne,1,1
https://rappel.conso.gouv.fr/fiche-rappel/7238/Interne,1,1
https://rappel.conso.gouv.fr/fiche-rappel/7247/Interne,1,1
https://rappel.conso.gouv.fr/fiche-rappel/7315/Interne,1,1
https://rappel.conso.gouv.fr/fiche-rappel/7364/Interne,1,1
https://rappel.conso.gouv.fr/fiche-rappel/7643/Interne,1,1
https://rappel.conso.gouv.fr/fiche-rappel/7719/Interne,1,1
https://rappel.conso.gouv.fr/fiche-rappel/7761/Interne,1,1
https://rappel.conso.gouv.fr/fiche-rappel/7813/Interne,1,1
https://rappel.conso.gouv.fr/fiche-rappel/7832/Interne,1,1
https://rappel.conso.gouv.fr/fiche-rappel/7882/Interne,1,1
https://rappel.conso.gouv.fr/fiche-rappel/7895/Interne,1,1
https://rappel.conso.gouv.fr/fiche-rappel/8071/Interne,1,1
https://rappel.conso.gouv.fr/fiche-rappel/8132/Interne,1,1
https://rappel.conso.gouv.fr/fiche-rappel/8207/Interne,1,1
https://rappel.conso.gouv.fr/fiche-rappel/8283/Interne,1,1
https://rappel.conso.gouv.fr/fiche-rappel/8312/Interne,1,1
https://rappel.conso.gouv.fr/fiche-rappel/8317/Interne,1,1
https://rappel.conso.gouv.fr/fiche-rappel/8321/Interne,1,1
https://rappel.conso.gouv.fr/fiche-rappel/8418/Interne,1,1
https://rappel.conso.gouv.fr/fiche-rappel/8494/Interne,1,1
https://rappel.conso.gouv.fr/fiche-rappel/8496/Interne,1,1
https://rappel.conso.gouv.fr/fiche-rappel/8687/Interne,1,1
https://rappel.conso.gouv.fr/fiche-rappel/8722/Interne,1,1
https://rappel.conso.gouv.fr/fiche-rappel/8870/Interne,1,1
https://rappel.conso.gouv.fr/fiche-rappel/8927/Interne,1,1
https://rappel.conso.gouv.fr/fiche-rappel/9034/Interne,1,1
https://rappel.conso.gouv.fr/fiche-rappel/9038/Interne,1,1
https://rappel.conso.gouv.fr/fiche-rappel/9180/Interne,1,1
https://rappel.conso.gouv.fr/fiche-rappel/9249/Interne,1,1
https://rappel.conso.gouv.fr/fiche-rappel/9291/Interne,1,1
https://rappel.conso.gouv.fr/fiche-rappel/93/Interne,1,1
https://rappel.conso.gouv.fr/fiche-rappel/9307/Rapex,1,1
https://rappel.conso.gouv.fr/fiche-rappel/9369/Interne,1,1
https://rappel.conso.gouv.fr/fiche-rappel/9385/Interne,1,1
https://rappel.conso.gouv.fr/fiche-rappel/9481/Interne,1,1
https://rappel.conso.gouv.fr/fiche-rappel/9490/Interne,1,1
https://rappel.conso.gouv.fr/fiche-rappel/9528/Interne,1,1
https://rappel.conso.gouv.fr/fiche-rappel/9749/Rapex,1,1
https://rappel.conso.gouv.fr/fiche-rappel/9830/Interne,1,1
https://rappel.conso.gouv.fr/fiche-rappel/9972/Interne,1,1
https://rappel.conso.gouv.fr/image/01dde232-90ee-4a4e-bf16-c75e9918a771.jpg https://rappel.conso.gouv.fr/image/b3c80a3a-4e5d-490a-959b-b8db6198bf4e.jpg,1,0
https://rappel.conso.gouv.fr/image/0249e6e8-bb63-4689-9dbf-ca001752904d.jpg https://rappel.conso.gouv.fr/image/36be70c3-4a7e-472b-be18-a0fc477ec655.jpg https://rappel.conso.gouv.fr/image/cd07bfad-e6ed-4391-a7c4-91a5a75443dd.jpg https://rappel.conso.gouv.fr/image/64835662-c4d7-410e-b9a7-0cad6516b6bf.jpg,1,1
https://rappel.conso.gouv.fr/image/028bf53d-f529-4241-b5ca-dcf4686d3add.jpg https://rappel.conso.gouv.fr/image/b1a7e7ad-d956-4b86-ba1d-a9e42b5e0b09.jpg,1,0
https://rappel.conso.gouv.fr/image/02f78b11-5817-4f95-8532-24f5458ad80d.jpg https://rappel.conso.gouv.fr/image/cbc21a0e-3cbf-44c8-95c1-dc8861f82149.jpg,1,0
https://rappel.conso.gouv.fr/image/033491e7-3766-4127-88c9-a2d18505ff83.jpg,1,0
https://rappel.conso.gouv.fr/image/055e87ba-67b9-4742-b832-e4a3655b1a62.jpg,1,0
https://rappel.conso.gouv.fr/image/08a40b58-46b7-4f3b-917a-1cf4a1176421.jpg https://rappel.conso.gouv.fr/image/bb9343ee-24e9-40b2-bad4-dfa42f8785af.jpg,1,0
https://rappel.conso.gouv.fr/image/08ab1508-4f7a-443d-9145-1edd91043c05.jpg https://rappel.conso.gouv.fr/image/903fdf9d-3f1b-4b95-a8cd-d78b21b06996.jpg,1,1
https://rappel.conso.gouv.fr/image/08fb2cb8-1342-4dcb-a586-d3c292d562dc.jpg https://rappel.conso.gouv.fr/image/675af5a2-289e-4935-9114-6513e8c54fff.jpg https://rappel.conso.gouv.fr/image/66042c96-6c47-46e9-b4fc-db29b35c1fab.jpg https://rappel.conso.gouv.fr/image/bcc7cf69-5137-4622-82ab-b3c6511ca62d.jpg https://rappel.conso.gouv.fr/image/fde454c6-27f2-4a63-a4e3-3de290b1fb85.jpg,1,1
https://rappel.conso.gouv.fr/image/0a3be11e-9213-4e22-80ec-7599da61382a.jpg https://rappel.conso.gouv.fr/image/74daba92-60a1-4474-aec5-cec2143ed67a.jpg https://rappel.conso.gouv.fr/image/40e27771-7265-4344-8040-701e6a4ecd81.jpg https://rappel.conso.gouv.fr/image/83970b9e-e329-482c-af23-a39597e5441a.jpg,1,1
https://rappel.conso.gouv.fr/image/0ae677c7-d58d-4d64-b9a4-1de841071415.jpg,1,0
https://rappel.conso.gouv.fr/image/0cf1522e-8547-49f1-b084-358912f007ff.jpg https://rappel.conso.gouv.fr/image/9cb33b87-ace0-4117-b16b-4e2c3c10517b.jpg,1,0
https://rappel.conso.gouv.fr/image/0efb2444-7b0f-417c-a2a4-c1d137dcfe20.jpg https://rappel.conso.gouv.fr/image/6cf02c0f-5699-4ac4-9f65-0be03dd5523e.jpg,1,0
https://rappel.conso.gouv.fr/image/0fbace5c-b0aa-4870-a591-2f47b921f14b.jpg https://rappel.conso.gouv.fr/image/655e3cf2-5aa6-4800-a6cc-f661b9f2441b.jpg,1,0
https://rappel.conso.gouv.fr/image/12424b61-ec3f-4691-9451-3fe2d0607276.jpg https://rappel.conso.gouv.fr/image/4a13750d-4b45-4a21-adcf-b1984e44a645.jpg,1,1
https://rappel.conso.gouv.fr/image/14ae73fe-abeb-4cbb-a58e-89e20a56f67c.jpg,1,0
https://rappel.conso.gouv.fr/image/15a1aed3-49e5-47a1-bdd0-454785032d39.jpg,1,0
https://rappel.conso.gouv.fr/image/1606f617-33ed-48b7-b6c1-84a2ee487d5b.jpg,1,1
https://rappel.conso.gouv.fr/image/16c12c13-6d28-41e5-98f5-016686bb53c8.jpg https://rappel.conso.gouv.fr/image/650ec67a-8a59-4b85-8cfe-f3b46afb7554.jpg,1,0
https://rappel.conso.gouv.fr/image/17ecd0f1-4694-4de9-995e-d56b69dc8c8c.jpg https://rappel.conso.gouv.fr/image/ae83a5ee-42a3-4a14-a388-9067ae6606c9.jpg,1,0
https://rappel.conso.gouv.fr/image/19509234-0bf3-46f8-9d75-497d654bee00.jpg,1,0
https://rappel.conso.gouv.fr/image/19ee6c98-ccc0-48c1-8049-2bc904fbfb62.jpg https://rappel.conso.gouv.fr/image/71e495dc-7884-493b-b868-62f58638a07d.jpg,1,0
https://rappel.conso.gouv.fr/image/1af0124b-8e51-4068-b560-3a79ba77f59b.jpg,1,1
https://rappel.conso.gouv.fr/image/1c15ad86-2b7c-4abf-a784-4920c1a7d374.jpg https://rappel.conso.gouv.fr/image/970e5560-aeea-4b71-882f-5fa4be692e13.jpg https://rappel.conso.gouv.fr/image/1231aefb-d22c-47d7-9476-50b994e4f841.jpg,1,1
https://rappel.conso.gouv.fr/image/1e1f14c9-1d6f-4d42-a523-9b250f978d95.jpg https://rappel.conso.gouv.fr/image/bfb4a13d-0eb5-43a7-b0bc-0c69cb7d93ba.jpg,1,1
https://rappel.conso.gouv.fr/image/1fbbb3ba-220f-4800-a294-6e420fc3aa9c.jpg https://rappel.conso.gouv.fr/image/0ea03f11-a6b4-45f0-ae8d-854090a32510.jpg,1,1
https://rappel.conso.gouv.fr/image/22d5899c-051e-4f26-9934-d0d3a72dbdb0.jpg https://rappel.conso.gouv.fr/image/01b3287c-8586-4180-9243-416c69bbfed6.jpg,1,0
https://rappel.conso.gouv.fr/image/27a49346-cdd3-4881-8d65-060d6f426a6b.jpg https://rappel.conso.gouv.fr/image/66b587db-7ef9-4daf-bb11-d1f408dbb2e7.jpg,1,0
https://rappel.conso.gouv.fr/image/27bed432-69be-481c-9573-82a0778b824e.jpg,1,0
https://rappel.conso.gouv.fr/image/28b12299-6c16-4880-90cf-aa16fb4587e6.jpg,1,0
https://rappel.conso.gouv.fr/image/290fdd18-1a11-41b9-84f8-33169bc28f84.jpg,1,0
https://rappel.conso.gouv.fr/image/2953a009-fe32-44db-b720-c7f5e799b305.jpg https://rappel.conso.gouv.fr/image/f901b0c4-73c8-42f0-baa6-96e19285f772.jpg https://rappel.conso.gouv.fr/image/6f914229-b27b-48c4-9aba-b5ea88fe66b3.jpg,1,0
https://rappel.conso.gouv.fr/image/2969329b-1803-406a-bd1c-7b882955f7d4.jpg,1,0
https://rappel.conso.gouv.fr/image/2a19d63c-bda3-4d99-b172-d5bdd81913f4.jpg,1,1
https://rappel.conso.gouv.fr/image/2c63969f-d54a-46dc-8ce7-7f4d4fe1e17a.jpg https://rappel.conso.gouv.fr/image/1cf3f4f1-3771-464c-a926-d73cb743add5.jpg,1,0
https://rappel.conso.gouv.fr/image/2d9464d1-cc8a-4fff-b19c-c0dd3d9fb372.jpg,1,1
https://rappel.conso.gouv.fr/image/2dc0698f-bc02-42ce-89cd-2b8b7ab6f3f0.jpg,1,0
https://rappel.conso.gouv.fr/image/2ddd6470-13d6-4852-ae74-28ae50a54b38.jpg,1,1
https://rappel.conso.gouv.fr/image/3013c75a-152f-4bda-a930-539749843e77.jpg,1,0
https://rappel.conso.gouv.fr/image/33e74244-2a14-489e-be3e-62acd78bebe7.jpg https://rappel.conso.gouv.fr/image/bc57948c-d952-40b5-9794-e657de6f61c7.jpg https://rappel.conso.gouv.fr/image/bee88c71-49b3-40d1-a65f-99a072eb773b.jpg https://rappel.conso.gouv.fr/image/15409858-fdbf-474f-83f5-c2705bbe84bc.jpg https://rappel.conso.gouv.fr/image/213951de-6087-44f9-930e-21869d7cca47.jpg,1,1
https://rappel.conso.gouv.fr/image/36189977-73a8-4d83-9014-613bcb0aa933.jpg,1,0
https://rappel.conso.gouv.fr/image/37ecd8dd-dce0-4e13-a9c5-2045b48419e1.jpg,1,1
https://rappel.conso.gouv.fr/image/385757c8-18b4-4ada-85b2-e9bc26a5f5ff.jpg https://rappel.conso.gouv.fr/image/49730f81-7291-4688-b26c-1b3140eb1b6d.jpg https://rappel.conso.gouv.fr/image/7b4ef36e-cae8-4b0d-a2df-3a9d6f8c508d.jpg https://rappel.conso.gouv.fr/image/418585dc-63c1-49be-9ea5-61030d3d5217.jpg,1,1
https://rappel.conso.gouv.fr/image/3876764f-fa1b-45ca-ac43-2cdacf9dc9c1.jpg https://rappel.conso.gouv.fr/image/e2a93277-913f-476c-a6d8-7723fd21ed80.jpg,1,0
https://rappel.conso.gouv.fr/image/38acb16e-8af6-4a77-b625-ede650e9f18f.jpg,1,0
https://rappel.conso.gouv.fr/image/39b8e194-b8f2-4766-b166-571babbd362f.jpg,1,0
https://rappel.conso.gouv.fr/image/3a256251-6f64-43bd-80c3-e2dcfebe03ae.jpg https://rappel.conso.gouv.fr/image/b26eb88b-57a9-42e8-b190-9af8b2701d00.jpg,1,0
https://rappel.conso.gouv.fr/image/3ac825c9-d05d-49d4-96fe-989444cca319.jpg,1,1
https://rappel.conso.gouv.fr/image/3b70346d-e031-4202-a1fe-fb7df70a7462.jpg https://rappel.conso.gouv.fr/image/57faf55c-5d21-47c1-b055-81ba6adcd1a9.jpg https://rappel.conso.gouv.fr/image/278bac31-87bb-4048-8c1e-9a3ccaa4e991.jpg,1,0
https://rappel.conso.gouv.fr/image/3d07d31d-740c-4227-93c0-b3336460d82a.jpg https://rappel.conso.gouv.fr/image/f0eb0f01-f956-4235-8c71-8576001b70df.jpg,1,0
https://rappel.conso.gouv.fr/image/3e863d85-b20b-41e7-9842-d0e704dbcdb8.jpg,1,1
https://rappel.conso.gouv.fr/image/3ed0991e-27a6-47c3-a529-3da8eb4e924d.jpg,1,0
https://rappel.conso.gouv.fr/image/3f786d63-5d81-4c0e-b9ad-79de5a543c2f.jpg https://rappel.conso.gouv.fr/image/173ffa5c-26b2-4d02-b2dc-56cb4117fcee.jpg,1,0
https://rappel.conso.gouv.fr/image/41232015-226a-4e8a-9322-e336ac53c708.jpg,1,0
https://rappel.conso.gouv.fr/image/44b94393-5919-4fda-b613-18790fae8424.jpg https://rappel.conso.gouv.fr/image/3bb3423b-f38d-4847-812d-0a9adcda5ff5.jpg https://rappel.conso.gouv.fr/image/548bb4b8-7dbd-449a-8ae1-865caff4a0d6.jpg https://rappel.conso.gouv.fr/image/5c4ff399-f649-4773-a868-e61c2b89d755.jpg,1,1
https://rappel.conso.gouv.fr/image/4950a5fb-b938-4b7f-b945-414f10eb4767.jpg,1,0
https://rappel.conso.gouv.fr/image/49de6a78-3eb2-47c4-931d-31e9b20195ea.jpg https://rappel.conso.gouv.fr/image/6dc14d73-bf52-47e3-b31e-83fbe5b505d3.jpg,1,1
https://rappel.conso.gouv.fr/image/49efb8db-9071-444d-a1c8-e3eb033eb99f.jpg https://rappel.conso.gouv.fr/image/65735506-3a9b-4ce1-b3e5-cd9284ffd29a.jpg https://rappel.conso.gouv.fr/image/a125dc76-4728-497e-9a2d-9f3bae48d949.jpg,1,0
https://rappel.conso.gouv.fr/image/52c78d2a-563b-45d3-b3b0-31ca09cffd8f.jpg https://rappel.conso.gouv.fr/image/9c0dbe2c-e776-4bf6-941b-14cad3860664.jpg,1,1
https://rappel.conso.gouv.fr/image/54c927fd-d44e-4242-8f7e-356f2fa21669.jpg https://rappel.conso.gouv.fr/image/4263aefd-493c-4410-bb59-518decf9808b.jpg https://rappel.conso.gouv.fr/image/337e425d-114f-4afc-95ae-8050db0a07f3.jpg,1,1
https://rappel.conso.gouv.fr/image/55a1cc32-93ef-4389-99b2-ce67b633647e.jpg https://rappel.conso.gouv.fr/image/92f45b1b-0dc8-42d2-bacc-8f7d108872f4.jpg https://rappel.conso.gouv.fr/image/063d849d-1a6f-43a5-bdc8-1ee757c3f201.jpg,1,0
https://rappel.conso.gouv.fr/image/56999857-8ee7-4a01-b13e-44425cd0e700.jpg https://rappel.conso.gouv.fr/image/38a0a13e-db24-4f0f-8395-7785893a1263.jpg,1,0
https://rappel.conso.gouv.fr/image/57564786-fa5b-4abb-9c76-3471cfde18bb.jpg,1,0
https://rappel.conso.gouv.fr/image/5c65bb22-1738-4974-b613-069d9f2bb037.jpg,1,1
https://rappel.conso.gouv.fr/image/5cddedd0-5dbd-4885-bc39-618ca0092810.jpg,1,1
https://rappel.conso.gouv.fr/image/5cf471ec-ff3f-4317-a6bc-c94f93647fa8.jpg https://rappel.conso.gouv.fr/image/9943c202-5da8-42e8-9876-c95d5dee5767.jpg,1,1
https://rappel.conso.gouv.fr/image/5cfe87a1-6882-43fb-9610-cc96ba60a535.jpg https://rappel.conso.gouv.fr/image/9c20db8d-633c-4e47-880b-f7d65fdbdd22.jpg,1,0
https://rappel.conso.gouv.fr/image/5d96ac5b-026f-409f-8d24-8cdfd9e4ea41.jpg,1,1
https://rappel.conso.gouv.fr/image/5fcd7fe0-dc47-4f08-b7bd-105fd229af27.jpg,1,0
https://rappel.conso.gouv.fr/image/61aada4e-c6fb-4d20-84a0-f327b450d81e.jpg https://rappel.conso.gouv.fr/image/68c25da4-1442-457d-9785-a090ae0336a0.jpg,1,0
https://rappel.conso.gouv.fr/image/641ee507-990c-4574-9d22-ffa75c47d5d8.jpg https://rappel.conso.gouv.fr/image/1677ac10-c02b-4604-96d2-59bcae58dd95.jpg https://rappel.conso.gouv.fr/image/4158ea67-ad66-4251-acaa-b032330d8c12.jpg,1,1
https://rappel.conso.gouv.fr/image/64dc85ad-d8c1-4a07-b956-7c11386c12bf.jpg,1,1
https://rappel.conso.gouv.fr/image/6a99fc1a-dd17-4d4b-a558-657ac61d05f7.jpg,1,0
https://rappel.conso.gouv.fr/image/6d497611-34fb-49e4-877c-907983b50d33.jpg https://rappel.conso.gouv.fr/image/94403a33-46c3-4dc3-9d2e-c459e0ee62f8.jpg,1,0
https://rappel.conso.gouv.fr/image/6d76dcbf-85fd-4dc4-979b-168e35138a29.jpg,1,0
https://rappel.conso.gouv.fr/image/6d92e2f2-3d62-4b05-b084-5ab692824d8e.jpg,1,0
https://rappel.conso.gouv.fr/image/71a9e846-9c81-4224-8628-736834cabc31.jpg https://rappel.conso.gouv.fr/image/0df5266f-5e4c-45be-9e0f-27b20727f028.jpg,1,0
https://rappel.conso.gouv.fr/image/72b31a0b-b759-489d-8639-c93030ff7459.jpg https://rappel.conso.gouv.fr/image/03ff4029-4993-496f-87ac-1ab1e36947bc.jpg,1,0
https://rappel.conso.gouv.fr/image/74026621-1413-48ab-a19a-79c7f0a27940.jpg,1,1
https://rappel.conso.gouv.fr/image/7814cc84-8758-4aca-a384-f5568c15119b.jpg,1,1
https://rappel.conso.gouv.fr/image/78b6bdf6-aa9a-4ecf-8a20-a5e8afb4dc8e.jpg,1,1
https://rappel.conso.gouv.fr/image/7948d2b9-1840-44d1-b061-785c6da95f7c.jpg https://rappel.conso.gouv.fr/image/d324131f-a9c1-49e3-a80b-97f6699b6fd8.jpg,1,0
https://rappel.conso.gouv.fr/image/7991d6ae-1af9-4d15-8bb9-4305282f1c0a.jpg,1,0
https://rappel.conso.gouv.fr/image/79dad2e3-ccbf-4b7b-9999-b277f9832097.jpg,1,0
https://rappel.conso.gouv.fr/image/7b5621e5-b93f-4d66-9005-5bd538b9396f.jpg https://rappel.conso.gouv.fr/image/4c7fba37-8b34-41ca-b735-c59c08599232.jpg https://rappel.conso.gouv.fr/image/ee5548e3-17c1-40a9-b98f-22e10629dfc3.jpg,1,0
https://rappel.conso.gouv.fr/image/7bb3a54b-38f0-4356-86e8-84608cca4b2e.jpg https://rappel.conso.gouv.fr/image/1a30f2d8-c8de-4e4b-b942-146352cdb9ec.jpg https://rappel.conso.gouv.fr/image/ef5962f8-e988-40a2-a8fd-fb1609ab5197.jpg,1,0
https://rappel.conso.gouv.fr/image/7d8148c3-6e99-477e-afc2-23f46120d6cd.jpg https://rappel.conso.gouv.fr/image/41072e0f-39ee-4ee1-a765-ac84d734ed23.jpg https://rappel.conso.gouv.fr/image/0b66d877-6baa-4820-96aa-2e2579dbbba6.jpg,1,0
https://rappel.conso.gouv.fr/image/7f51a5fa-5762-42d1-aa8d-9733792fc8c2.jpg,1,0
https://rappel.conso.gouv.fr/image/81477ca7-3aa3-41c7-a6eb-02fcdc53c805.jpg,1,0
https://rappel.conso.gouv.fr/image/8201993d-5130-46d9-bd65-1e0f6de222ab.jpg,1,0
https://rappel.conso.gouv.fr/image/841a0a7e-a19a-46c3-b242-fd4bda03c0b5.jpg,1,1
https://rappel.conso.gouv.fr/image/8587dc10-1a99-41b3-8a62-8a73da024e74.jpg https://rappel.conso.gouv.fr/image/47ebb3db-2a2b-4ad6-821d-597eab9717e7.jpg https://rappel.conso.gouv.fr/image/11acd8b7-e871-44d6-be9c-cd1cdd514887.jpg https://rappel.conso.gouv.fr/image/f94e8be1-7265-41af-80af-6031609173c7.jpg,1,0
https://rappel.conso.gouv.fr/image/876f694d-de91-4460-96cd-869bdf792140.jpg https://rappel.conso.gouv.fr/image/0ddac4a7-19ac-4c95-83d4-f8a57c0f3c22.jpg,1,1
https://rappel.conso.gouv.fr/image/8ad25f2f-8dcd-4199-91a1-3836c130cdbd.jpg,1,0
https://rappel.conso.gouv.fr/image/8ffb5fca-5337-4ac4-bad9-6665024f4507.jpg,1,0
https://rappel.conso.gouv.fr/image/921539c4-d4a0-4c09-a0da-7b60e886c5e5.jpg,1,0
https://rappel.conso.gouv.fr/image/93915a35-e6b6-4288-a802-4518078bc6c8.jpg https://rappel.conso.gouv.fr/image/ed408161-e247-4097-a6a0-81f7b8bf446c.jpg,1,1
https://rappel.conso.gouv.fr/image/93e691e6-eec3-4af9-b9a2-d119cc76870d.jpg,1,0
https://rappel.conso.gouv.fr/image/9758edb4-2221-4a41-9e2b-02427b5c4470.jpg https://rappel.conso.gouv.fr/image/9832f2e8-a83a-46dd-84f6-1fa7d19f77e7.jpg,1,0
https://rappel.conso.gouv.fr/image/97e5c270-5003-41d8-a8da-3760f225787d.jpg,1,0
https://rappel.conso.gouv.fr/image/9ae8a5fd-b0df-4bc5-8629-735a51637972.jpg https://rappel.conso.gouv.fr/image/a9263665-74cd-42bc-9fb0-9671c278a125.jpg,1,1
https://rappel.conso.gouv.fr/image/9b99443d-ef4c-4b8d-b776-ad1a9db92ab7.jpg,1,0
https://rappel.conso.gouv.fr/image/9cd22208-fd77-4185-8ba1-293cd9dd910d.jpg https://rappel.conso.gouv.fr/image/e56f9733-7f61-4519-982b-961e3ed7d4e2.jpg,1,1
https://rappel.conso.gouv.fr/image/9e287bec-8a1b-4d82-b96c-5de499eacd75.jpg,1,0
https://rappel.conso.gouv.fr/image/9e9977ee-b136-4982-8a04-04232b444a1f.jpg,1,0
https://rappel.conso.gouv.fr/image/a5421572-67a7-46dd-927b-22cbb7acc533.jpg https://rappel.conso.gouv.fr/image/b18e6980-021c-4269-a5fa-44bcedc4d0d5.jpg,1,0
https://rappel.conso.gouv.fr/image/ab1448e9-244d-4280-985b-5a0628dead3c.jpg https://rappel.conso.gouv.fr/image/dfd3d1ba-ef2c-4737-bd62-331daf5af1a6.jpg https://rappel.conso.gouv.fr/image/cb4af99d-6354-4675-9176-1c5a364287c7.jpg,1,0
https://rappel.conso.gouv.fr/image/acc7490f-7082-4149-8e8e-dd45140cc0c1.jpg https://rappel.conso.gouv.fr/image/048eeebd-ecf5-481f-9ad3-59c7d3772950.jpg https://rappel.conso.gouv.fr/image/43f509d7-195f-45fa-88d2-4a0628ad0f77.jpg,1,0
https://rappel.conso.gouv.fr/image/acf2c8c8-99b7-4825-bf2a-91c88d0ee581.jpg,1,1
https://rappel.conso.gouv.fr/image/aee52420-2c47-48af-8230-d9397af3a764.jpg https://rappel.conso.gouv.fr/image/9b52fd74-4e51-46f5-81fd-e41335749960.jpg,1,0
https://rappel.conso.gouv.fr/image/b05dcfda-dd7c-4146-b986-52cd984de6ef.jpg,1,0
https://rappel.conso.gouv.fr/image/b4abad68-4fcd-4215-ae62-8a8a1f17419e.jpg,1,0
https://rappel.conso.gouv.fr/image/b5e90507-bacb-4a3c-a9ed-6853f2516c8d.jpg,1,0
https://rappel.conso.gouv.fr/image/b979e9d3-90df-4a84-bc9e-01457cad751a.jpg https://rappel.conso.gouv.fr/image/8cd28cc9-9f5e-43ba-8d5e-45804d7bc499.jpg,1,0
https://rappel.conso.gouv.fr/image/b9952fc7-3c6b-402e-94cc-b79fe7d586e8.jpg,1,0
https://rappel.conso.gouv.fr/image/ba223e19-1c73-433f-87bf-9fc526f6fbad.jpg https://rappel.conso.gouv.fr/image/b9ef007f-170c-4fc7-8caf-1ab1cac7666a.jpg,1,0
https://rappel.conso.gouv.fr/image/bbd9e6af-d28f-494f-86fb-0ae7faaa29c5.jpg https://rappel.conso.gouv.fr/image/0314953f-f05f-4211-8297-7c44dc33eccb.jpg,1,1
https://rappel.conso.gouv.fr/image/bcc43041-14d9-418b-90f5-b02161862b89.jpg,1,0
https://rappel.conso.gouv.fr/image/bfa18241-026c-4f7c-93e5-c47c953e8434.jpg https://rappel.conso.gouv.fr/image/547d9808-2789-495c-b1d4-0dc5d1a882d9.jpg,1,0
https://rappel.conso.gouv.fr/image/c26a0e61-df73-4751-9127-97639b8724ff.jpg,1,0
https://rappel.conso.gouv.fr/image/c5940e13-f9ca-40b5-82c7-bad655335a43.jpg,1,1
https://rappel.conso.gouv.fr/image/c5b1f1ef-ffc6-4186-86e3-83101f457354.jpg https://rappel.conso.gouv.fr/image/32edb84b-3600-4ade-855d-c2705845da0f.jpg,1,0
https://rappel.conso.gouv.fr/image/c98d3ee4-181a-4282-b00c-0999f374bf92.jpg,1,1
https://rappel.conso.gouv.fr/image/cb56b0fb-ea32-45fd-aa87-7d78d5a7bc68.jpg https://rappel.conso.gouv.fr/image/316770d3-8da0-4b9c-8fe6-14957a242cf7.jpg https://rappel.conso.gouv.fr/image/3d38c6fb-5838-4611-a502-4bc083ce1a40.jpg,1,0
https://rappel.conso.gouv.fr/image/cc0539b7-eb3d-4471-9088-d7c36f297c41.jpg https://rappel.conso.gouv.fr/image/9c11bbd9-115c-4841-b582-92866b3278f1.jpg https://rappel.conso.gouv.fr/image/efcea8e8-6492-444b-94b1-77f2de00d0b5.jpg,1,0
https://rappel.conso.gouv.fr/image/cc7c852c-1beb-46e0-b818-1d06e00c5e8f.jpg https://rappel.conso.gouv.fr/image/9ddbfbb7-c00e-4e5d-a19a-ddbbdf3a7620.jpg,1,0
https://rappel.conso.gouv.fr/image/cd0e6747-519d-458c-b866-4cb4a3f018a2.jpg https://rappel.conso.gouv.fr/image/cd27b47e-bfe6-4f68-99e9-759731c8b3c8.jpg,1,1
https://rappel.conso.gouv.fr/image/cdbe2a88-382a-4537-9af7-07c266bdc80f.jpg https://rappel.conso.gouv.fr/image/51e1a9f6-cbb0-42f8-a479-6d61fafdb6d7.jpg https://rappel.conso.gouv.fr/image/d14fbf45-f8a8-4d68-8165-26e26c2775ef.jpg https://rappel.conso.gouv.fr/image/292bec4e-3e1c-43b5-a08c-13de4b100d4e.jpg https://rappel.conso.gouv.fr/image/ee1e27dd-694c-478d-b615-4cad0ceb600e.jpg,1,1
https://rappel.conso.gouv.fr/image/ce2de477-1924-4fe4-9861-4a79ce0d8a0b.jpg https://rappel.conso.gouv.fr/image/e148bed1-8aab-4ee2-9bb0-f5a28e4eb998.jpg,1,0
https://rappel.conso.gouv.fr/image/cfce46b8-1fbb-4bb1-b0ae-8ce4d22bc4e2.jpg,1,0
https://rappel.conso.gouv.fr/image/d0d75d75-0b71-4e2e-ac97-f33fe72c6e5d.jpg https://rappel.conso.gouv.fr/image/f98097a3-4cb2-4741-92db-78e52817e2be.jpg,1,0
https://rappel.conso.gouv.fr/image/d153cbbb-bd6e-42f2-9e5f-fb3ad21374ed.jpg https://rappel.conso.gouv.fr/image/b5a68ffd-8820-4367-81e5-7983250d59ce.jpg https://rappel.conso.gouv.fr/image/6e3eea2a-6912-4195-8051-a74f24d37ab0.jpg https://rappel.conso.gouv.fr/image/b73530a2-94bc-4faa-a34a-3765aceafe0d.jpg https://rappel.conso.gouv.fr/image/c4f724a0-f7c3-43e0-aab2-d5d0b76d4108.jpg,1,1
https://rappel.conso.gouv.fr/image/d19efbbe-abc7-4158-ad5c-2da5afe32e6d.jpg https://rappel.conso.gouv.fr/image/77b73a14-9f90-4d8f-9975-c9806814250a.jpg https://rappel.conso.gouv.fr/image/45f405b7-293c-40e3-a892-2dfc696ab62c.jpg,1,1
https://rappel.conso.gouv.fr/image/d2bf99e5-ed68-43d2-a205-38583a08616f.jpg https://rappel.conso.gouv.fr/image/f93829ae-da7f-4f0d-ac9a-209b3abbad51.jpg,1,0
https://rappel.conso.gouv.fr/image/d32ea5ac-8dc4-4852-a0cd-61bfd81f5709.jpg,1,0
https://rappel.conso.gouv.fr/image/d3bf6290-89e6-44e9-b1f6-f275849f25fc.jpg https://rappel.conso.gouv.fr/image/6dda08b0-6626-4333-a208-26d053f6e578.jpg https://rappel.conso.gouv.fr/image/18201870-68f4-4f9d-a581-b42a5bcda5bf.jpg https://rappel.conso.gouv.fr/image/10708e31-d6b1-4aba-9569-8a473c22ddc0.jpg,1,1
https://rappel.conso.gouv.fr/image/d5b2019d-e70e-4212-ba13-541a198d02da.jpg https://rappel.conso.gouv.fr/image/099d7311-eb98-4daf-95f8-4f8456eebe15.jpg,1,0
https://rappel.conso.gouv.fr/image/d6eb449f-f239-481c-b510-d900ef109634.jpg,1,1
https://rappel.conso.gouv.fr/image/d9638e4d-bccd-467c-b49e-18b209ae93e3.jpg,1,0
https://rappel.conso.gouv.fr/image/da95755b-c391-4333-b798-b8b3937a17a2.jpg https://rappel.conso.gouv.fr/image/29bcd4a6-5732-44e3-b48d-378120f24b45.jpg https://rappel.conso.gouv.fr/image/cd92c344-c69a-4c7d-8e51-bdb5b5de227c.jpg https://rappel.conso.gouv.fr/image/13993696-338f-4ff6-ae1f-015e229647f7.jpg https://rappel.conso.gouv.fr/image/e647f834-5c1a-4145-9986-a35250d1ebb1.jpg,1,0
https://rappel.conso.gouv.fr/image/db4f8160-53ce-4b6a-9c8c-ea115f36df2a.jpg,1,0
https://rappel.conso.gouv.fr/image/dd51b301-e5b3-4af7-8481-17fa8ac80d53.jpg https://rappel.conso.gouv.fr/image/35743f58-36a9-4278-9e2b-d333dfb6fa1a.jpg,1,0
https://rappel.conso.gouv.fr/image/df223eec-c212-416c-9612-e0f39263f022.jpg https://rappel.conso.gouv.fr/image/7af06118-0f66-4156-8e65-dada671bce9f.jpg,1,0
https://rappel.conso.gouv.fr/image/e000222a-44a9-4bbf-ba1d-bd06fa0af64e.jpg,1,0
https://rappel.conso.gouv.fr/image/e02122a7-af0c-4f48-bb24-37fde1fd5b2e.jpg https://rappel.conso.gouv.fr/image/cc9763aa-ef85-4720-9a59-e885fb9dbe8b.jpg,1,1
https://rappel.conso.gouv.fr/image/e1b2bcaa-e4fc-4a2c-add4-847c0d2c62a6.jpg,1,0
https://rappel.conso.gouv.fr/image/e2d25f12-41e8-486f-8865-586188900a42.jpg https://rappel.conso.gouv.fr/image/5f861d40-f8d7-44ee-b051-790e007b0dae.jpg,1,0
https://rappel.conso.gouv.fr/image/e3830bfd-7db4-4fe4-86ce-f43d9be24963.jpg https://rappel.conso.gouv.fr/image/9bcf17cf-bcfe-4ca2-a1f1-08f704168ed9.jpg,1,0
https://rappel.conso.gouv.fr/image/e8d62b16-8f32-4aa2-857e-86481be7edb4.jpg,1,0
https://rappel.conso.gouv.fr/image/eafa6000-058d-47ef-a30a-a3c5a9cabe50.jpg,1,0
https://rappel.conso.gouv.fr/image/ebf5f645-a08d-4dfa-8eb7-0fc85c0258e0.jpg https://rappel.conso.gouv.fr/image/94fa792e-767e-4cf9-885a-5ccc81f7ed47.jpg,1,1
https://rappel.conso.gouv.fr/image/edb8156f-362e-4290-a678-2171de0da0a5.jpg https://rappel.conso.gouv.fr/image/f66def41-9e8c-4abf-831d-304934f633d7.jpg,1,1
https://rappel.conso.gouv.fr/image/ee878701-e5c7-4c7f-b7a2-6b67145bcb96.jpg,1,0
https://rappel.conso.gouv.fr/image/ef010ed8-30bd-422c-9146-db820a7733d5.jpg,1,1
https://rappel.conso.gouv.fr/image/ef6ea5e9-c766-45f3-9619-6d82f2f8a3ca.jpg https://rappel.conso.gouv.fr/image/11133c43-2b82-4ec5-a827-1c859c885746.jpg,1,0
https://rappel.conso.gouv.fr/image/f05e5e60-d64c-4e0c-84b5-bae16df85ee9.jpg https://rappel.conso.gouv.fr/image/a44ee3ce-bab9-4fec-ac73-efc078b81a4f.jpg,1,0
https://rappel.conso.gouv.fr/image/f0bb0151-6fe5-43d5-8815-0c57ad90e161.jpg https://rappel.conso.gouv.fr/image/7a58168f-7d27-41b5-b39e-86fc855794c6.jpg,1,0
https://rappel.conso.gouv.fr/image/f26cb3a5-52a3-4193-a96d-232b87f9d0e8.jpg,1,0
https://rappel.conso.gouv.fr/image/f72215a9-6b82-4ab1-a79a-8c3f5508f43b.jpg https://rappel.conso.gouv.fr/image/2e132c53-182b-414d-8209-5ba887fee59b.jpg,1,1
https://rappel.conso.gouv.fr/image/f9e2041e-b3b6-438b-9368-922e4f4a6ecc.jpg https://rappel.conso.gouv.fr/image/c7e367b5-8a40-4290-9de8-6d7751661200.jpg https://rappel.conso.gouv.fr/image/a34067ca-0c57-4a4f-ba8d-cbbda09bb45f.jpg,1,1
https://rappel.conso.gouv.fr/image/fbcb4ef5-0628-4f8e-85dd-594dd892a383.jpg https://rappel.conso.gouv.fr/image/83bc4244-900f-4173-800c-df68347931ed.jpg,1,0
https://rappel.conso.gouv.fr/image/fcb65774-6153-4532-9ea7-e11222cde009.jpg,1,1
https://rappel.conso.gouv.fr/image/fd2031b6-4eaf-4f5b-996c-f22287ba853c.jpg https://rappel.conso.gouv.fr/image/bc6fdab0-45fe-474a-b9db-03f0ea6d2da4.jpg,1,0
https://rappel.conso.gouv.fr/image/fd65db12-632d-40d8-9cfb-17399d9287b9.jpg https://rappel.conso.gouv.fr/image/d43f0b2b-91bf-4f38-a37e-3149ca9f1453.jpg,1,0
https://rappel.conso.gouv.fr/image/ff112c26-e024-4a63-8222-833460497873.jpg,1,0
intermarche longuyon,1,1
jeudi 1 décembre 2022,1,0
jeudi 10 novembre 2022,2,0
jeudi 11 avril 2024,4,3
jeudi 11 mai 2023,1,0
jeudi 13 avril 2023,1,0
jeudi 13 janvier 2022,1,0
jeudi 14 décembre 2023,1,1
jeudi 14 mars 2024,1,1
jeudi 15 décembre 2022,1,0
jeudi 16 février 2023,1,1
jeudi 16 mars 2023,1,1
jeudi 19 janvier 2023,1,1
jeudi 19 mai 2022,1,0
jeudi 20 juillet 2023,2,0
jeudi 20 octobre 2022,3,0
jeudi 21 octobre 2021,1,0
jeudi 22 février 2024,2,0
jeudi 22 septembre 2022,1,0
jeudi 25 août 2022,1,1
jeudi 25 janvier 2024,2,0
jeudi 25 novembre 2021,2,2
jeudi 27 juillet 2023,2,0
jeudi 27 mai 2021,1,0
jeudi 28 décembre 2023,1,1
jeudi 29 février 2024,3,0
jeudi 29 septembre 2022,1,1
jeudi 3 février 2022,6,1
jeudi 3 mars 2022,1,0
jeudi 30 juin 2022,3,1
jeudi 30 novembre 2023,2,0
jeudi 30 septembre 2021,3,0
jeudi 31 août 2023,3,0
jeudi 31 mars 2022,5,3
jeudi 4 avril 2024,1,0
jeudi 6 avril 2023,1,0
jeudi 6 octobre 2022,1,1
jeudi 7 décembre 2023,1,0
jeudi 7 mars 2024,1,0
jeudi 8 juillet 2021,3,0
jeudi 8 juin 2023,1,0
lundi 1 avril 2024,1,0
lundi 10 octobre 2022,1,0
lundi 11 septembre 2023,1,0
lundi 12 avril 2021,1,0
lundi 12 décembre 2022,1,0
lundi 12 juillet 2021,2,0
lundi 12 septembre 2022,1,0
lundi 13 novembre 2023,1,0
lundi 14 août 2023,1,0
lundi 16 août 2021,2,0
lundi 16 mai 2022,1,0
lundi 17 avril 2023,1,0
lundi 17 juillet 2023,1,0
lundi 17 mai 2021,1,0
lundi 18 juillet 2022,2,0
lundi 18 septembre 2023,1,0
lundi 19 décembre 2022,1,0
lundi 19 juillet 2021,1,0
lundi 19 juin 2023,1,1
lundi 19 septembre 2022,2,1
lundi 20 décembre 2021,1,0
lundi 20 mars 2023,1,0
lundi 20 novembre 2023,1,0
lundi 20 septembre 2021,1,0
lundi 22 janvier 2024,3,1
lundi 22 mai 2023,1,1
lundi 23 août 2021,2,0
lundi 23 janvier 2023,1,1
lundi 23 octobre 2023,1,0
lundi 24 janvier 2022,1,0
lundi 24 octobre 2022,1,0
lundi 25 octobre 2021,3,1
lundi 27 mai 2024,1,1
lundi 27 septembre 2021,1,0
lundi 28 août 2023,3,0
lundi 28 juin 2021,1,0
lundi 28 novembre 2022,1,0
lundi 3 janvier 2022,2,0
lundi 30 août 2021,4,1
lundi 30 janvier 2023,1,1
lundi 30 mai 2022,1,1
lundi 31 janvier 2022,11,2
lundi 31 juillet 2023,2,0
lundi 31 octobre 2022,1,1
lundi 4 avril 2022,1,0
lundi 4 décembre 2023,1,1
lundi 4 juillet 2022,1,0
lundi 4 octobre 2021,2,0
lundi 5 juillet 2021,1,0
lundi 5 septembre 2022,1,0
lundi 7 février 2022,2,0
lundi 7 novembre 2022,1,0
lundi 8 août 2022,2,0
lundi 8 avril 2024,2,1
lundi 8 mai 2023,2,0
lundi 9 janvier 2023,2,0
mardi 1 mars 2022,1,1
mardi 1 novembre 2022,5,2
mardi 10 août 2021,2,0
mardi 12 juillet 2022,1,0
mardi 12 octobre 2021,2,0
mardi 13 février 2024,3,1
mardi 14 décembre 2021,1,0
mardi 14 mai 2024,1,0
mardi 15 août 2023,2,0
mardi 15 juin 2021,1,0
mardi 17 août 2021,1,0
mardi 18 octobre 2022,1,0
mardi 19 octobre 2021,1,0
mardi 19 septembre 2023,1,0
mardi 2 avril 2024,1,0
mardi 2 janvier 2024,1,1
mardi 2 novembre 2021,2,0
mardi 20 décembre 2022,1,1
mardi 20 juin 2023,1,1
mardi 21 février 2023,1,0
mardi 21 juin 2022,2,1
mardi 21 mars 2023,2,0
mardi 21 septembre 2021,1,0
mardi 22 juin 2021,1,0
mardi 23 janvier 2024,2,0
mardi 24 octobre 2023,1,0
mardi 28 décembre 2021,1,1
mardi 28 février 2023,1,1
mardi 28 septembre 2021,4,0
mardi 29 juin 2021,1,0
mardi 29 novembre 2022,1,0
mardi 3 août 2021,1,0
mardi 3 janvier 2023,13,0
mardi 30 août 2022,1,0
mardi 30 avril 2024,2,0
mardi 30 janvier 2024,1,0
mardi 30 mai 2023,1,0
mardi 30 novembre 2021,8,5
mardi 31 août 2021,4,3
mardi 31 janvier 2023,2,0
mardi 31 mai 2022,3,0
mardi 5 octobre 2021,1,0
mardi 5 septembre 2023,1,1
mardi 6 février 2024,1,0
mardi 6 juillet 2021,1,0
mardi 6 juin 2023,2,0
mardi 6 septembre 2022,1,1
mardi 7 février 2023,1,0
mardi 7 juin 2022,2,1
mardi 8 février 2022,1,0
mardi 9 août 2022,1,1
mardi 9 avril 2024,1,0
mardi 9 novembre 2021,1,0
mercredi 1 janvier 2025,2,0
mercredi 1 juin 2022,1,0
mercredi 1 mars 2023,3,1
mercredi 1 septembre 2021,1,0
mercredi 10 août 2022,2,0
mercredi 10 avril 2024,1,0
mercredi 10 février 2021,1,0
mercredi 10 janvier 2024,1,0
mercredi 11 août 2021,1,0
mercredi 13 mars 2024,1,0
mercredi 13 octobre 2021,2,0
mercredi 13 septembre 2023,4,0
mercredi 15 décembre 2021,2,0
mercredi 15 novembre 2023,1,0
mercredi 15 septembre 2021,6,0
mercredi 16 février 2022,1,0
mercredi 16 juin 2021,1,1
mercredi 17 août 2022,1,0
mercredi 17 avril 2024,2,1
mercredi 17 mai 2023,1,0
mercredi 17 novembre 2021,1,0
mercredi 18 janvier 2023,2,1
mercredi 18 octobre 2023,2,0
mercredi 19 avril 2023,1,0
mercredi 19 mai 2021,1,0
mercredi 19 octobre 2022,2,1
mercredi 2 février 2022,5,1
mercredi 20 octobre 2021,1,0
mercredi 20 septembre 2023,2,1
mercredi 21 décembre 2022,1,0
mercredi 21 juillet 2021,2,1
mercredi 23 août 2023,1,0
mercredi 23 février 2022,1,0
mercredi 24 janvier 2024,5,1
mercredi 24 mai 2023,1,0
mercredi 25 octobre 2023,1,0
mercredi 27 octobre 2021,1,1
mercredi 27 septembre 2023,1,1
mercredi 28 juin 2023,2,0
mercredi 29 juin 2022,11,0
mercredi 29 septembre 2021,8,0
mercredi 3 avril 2024,1,0
mercredi 30 juin 2021,1,0
mercredi 30 novembre 2022,3,1
mercredi 31 janvier 2024,3,1
mercredi 31 mai 2023,3,2
mercredi 5 janvier 2022,1,0
mercredi 5 juillet 2023,1,1
mercredi 5 octobre 2022,1,0
mercredi 6 septembre 2023,1,0
mercredi 7 février 2024,1,0
mercredi 8 décembre 2021,4,0
mercredi 8 novembre 2023,1,0
présence d'oxyde d'éthylène dans la poudre 5 épices,1,1
samedi 1 juillet 2023,1,0
samedi 1 juin 2024,1,1
samedi 10 avril 2021,1,0
samedi 10 juin 2023,1,0
samedi 11 décembre 2021,1,0
samedi 13 janvier 2024,1,0
samedi 14 août 2021,2,0
samedi 15 avril 2023,1,0
samedi 15 juillet 2023,2,0
samedi 16 juillet 2022,1,0
samedi 16 octobre 2021,1,1
samedi 17 avril 2021,1,0
samedi 17 février 2024,1,0
samedi 17 juin 2023,1,0
samedi 18 juin 2022,1,0
samedi 18 novembre 2023,1,0
samedi 20 août 2022,1,1
samedi 20 mai 2023,1,0
samedi 20 novembre 2021,2,1
samedi 25 décembre 2021,1,0
samedi 25 novembre 2023,1,1
samedi 26 mars 2022,1,0
samedi 27 août 2022,1,0
samedi 27 novembre 2021,1,1
samedi 28 janvier 2023,1,0
samedi 29 juillet 2023,2,0
samedi 3 février 2024,2,1
samedi 3 septembre 2022,1,1
samedi 30 avril 2022,7,0
samedi 30 septembre 2023,3,1
samedi 31 décembre 2022,9,2
samedi 31 juillet 2021,3,0
samedi 6 août 2022,1,1
samedi 6 janvier 2024,2,1
samedi 7 janvier 2023,1,0
samedi 7 mai 2022,1,0
samedi 9 octobre 2021,1,0
samedi 9 septembre 2023,2,1
vendredi 1 avril 2022,4,1
vendredi 1 octobre 2021,2,0
vendredi 10 décembre 2021,1,0
vendredi 10 juin 2022,1,1
vendredi 10 mars 2023,3,1
vendredi 10 septembre 2021,1,0
vendredi 11 février 2022,1,0
vendredi 11 mars 2022,5,1
vendredi 11 novembre 2022,1,0
vendredi 12 janvier 2024,2,0
vendredi 13 août 2021,1,0
vendredi 13 mai 2022,2,0
vendredi 14 janvier 2022,1,0
vendredi 15 avril 2022,1,1
vendredi 15 juillet 2022,3,0
vendredi 15 mars 2024,1,0
vendredi 15 septembre 2023,1,0
vendredi 16 février 2024,1,0
vendredi 16 juillet 2021,1,0
vendredi 16 juin 2023,1,1
vendredi 16 septembre 2022,1,0
vendredi 19 mai 2023,1,0
vendredi 2 décembre 2022,1,0
vendredi 2 septembre 2022,2,0
vendredi 20 août 2021,1,0
vendredi 22 octobre 2021,4,1
vendredi 23 avril 2021,1,0
vendredi 24 mars 2023,1,0
vendredi 24 septembre 2021,1,0
vendredi 25 février 2022,1,0
vendredi 25 juin 2021,11,0
vendredi 26 août 2022,2,0
vendredi 26 novembre 2021,4,3
vendredi 27 août 2021,1,1
vendredi 28 octobre 2022,2,0
vendredi 29 décembre 2023,1,1
vendredi 29 mars 2024,1,0
vendredi 30 juillet 2021,2,0
vendredi 30 juin 2023,4,1
vendredi 30 septembre 2022,2,1
vendredi 31 décembre 2021,6,1
vendredi 31 mars 2023,8,1
vendredi 5 janvier 2024,1,0
vendredi 5 mai 2023,1,0
vendredi 6 août 2021,1,0
vendredi 6 janvier 2023,1,0
vendredi 7 avril 2023,2,0
vendredi 8 octobre 2021,2,0
vendredi 9 juillet 2021,1,0
vendredi 9 juin 2023,1,0
vendredi 9 septembre 2022,1,0
Étouffement,1,0
